<?xml version="1.0" encoding="UTF-8" standalone="no"?>
<module codetype="0" job="false" name="WebAppExecModule" nodeid="UID19b9861f1498bdaae9e7ffc" service="true" trans="0" type="1" version="1" webapp="false">








<description/>

























<inputs>
<entry datatype="int" name="Port" note="" value="" xid="UIDb772d6c1498c1da1787ff7"/>
<entry datatype="String" name="Alias" note="';' separated list" value="" xid="UIDb772d6c1498c1da1787ff6"/>
<entry datatype="String" name="Modules" note="';' separated list" value="" xid="UIDb772d6c1498c1da1787ff5"/>
<entry datatype="String" name="WebContentPath" note="" value="" xid="UIDb772d6c1498c1da1787ff4"/>
<entry datatype="String" name="RootPath" note="" value="" xid="UIDb772d6c1498c1da1787ff1"/>
</inputs>
<outcomes>
<outcome datatype="String" name="Exception" note="Exception while starting the service." value="" xid="oc_service_failed">
<entry datatype="String" name="ErrorMessage" note="" value="" xid="oc_service_failed_message_id"/>
</outcome>
<outcome datatype="String" name="Start success" note="Service started" value="" xid="oc_service_success">
<entry datatype="String" name="ServiceHandle" note="System Build-in output" value="" xid="output_service_handle_id"/>
</outcome>
</outcomes>
<events-in/>
<events-out>
<event datatype="String" name="Service stopped" note="" value="" xid="service_event_stopped"/>
</events-out>
<calls>
<interface name="Stop Service" note="" pos="up" xid="service_call_stop">
<inputs/>
<outcomes>
<outcome datatype="String" name="Succeed" note="" value="" xid="service_call_stop_oc_success"/>
<outcome datatype="String" name="Failed" note="" value="" xid="service_call_stop_oc_failed">
<entry datatype="String" name="ErrorMessage" note="" value="" xid="service_call_stop_oc_failed_output_error"/>
</outcome>
</outcomes>
</interface>
</calls>
<sinks/>
<attributes/>
<data/>
<configures/>
<nodes>
<node height="130" name="WebAppProcessor" nodeid="UIDb772d6c1498c1da1787ffc" nodesubtype="normal" nodetype="nt_code_java" service="true" width="224" x="471" y="315">
<inputs>
<entry datatype="String" name="WebContentPath" note="" value="" xid="UIDb772d6c1498c1da1787fef"/>
<entry datatype="String" name="Alias" note="" value="" xid="UIDb772d6c1498c1da1787ff3"/>
<entry datatype="String" name="Modules" note="" value="" xid="UIDb772d6c1498c1da1787ff2"/>
<entry datatype="String" name="RootPath" note="" value="" xid="UIDb772d6c1498c1da1787ff0"/>
<entry datatype="int" name="Port" note="" value="" xid="UID31eb2d4c155802fb31e7ff5"/>
</inputs>
<outcomes>
<outcome datatype="String" name="Exception" note="Exception while starting the service." value="" xid="oc_service_failed">
<entry datatype="String" name="ErrorMessage" note="" value="" xid="oc_service_failed_message_id"/>
</outcome>
<outcome datatype="String" name="Start success" note="Service started" value="" xid="oc_service_success">
<entry datatype="String" name="ServiceHandle" note="System Build-in output" value="" xid="output_service_handle_id"/>
</outcome>
</outcomes>
<events-in/>
<events-out>
<event datatype="String" name="Service stopped" note="" value="" xid="service_event_stopped"/>
</events-out>
<calls>
<interface name="Stop Service" note="" pos="up" xid="service_call_stop">
<inputs/>
<outcomes>
<outcome datatype="String" name="Succeed" note="" value="" xid="service_call_stop_oc_success"/>
<outcome datatype="String" name="Failed" note="" value="" xid="service_call_stop_oc_failed">
<entry datatype="String" name="ErrorMessage" note="" value="" xid="service_call_stop_oc_failed_output_error"/>
</outcome>
</outcomes>
</interface>
<interface name="HttpRequest" note="" pos="up" xid="UIDb772d6c1498c1da1787ff9">
<inputs>
<entry datatype="Object" name="HttpRequest" note="" value="" xid="UIDb9a184a14073e4ab8a7ffd"/>
<entry datatype="Object" name="HttpResponse" note="" value="" xid="UIDb9a184a14073e4ab8a7ffc"/>
</inputs>
<outcomes>
<outcome datatype="String" name="Exception" note="" value="" xid="UIDb9a184a14073e4ab8a7ff8">
<entry datatype="String" name="Error" note="" value="" xid="UIDb9a184a14073e4ab8a7ff7"/>
</outcome>
<outcome datatype="String" name="Success" note="" value="" xid="UID11d97aec1407963cf287ff5"/>
</outcomes>
</interface>
</calls>
<sinks/>
<attributes/>
<data/>
<description/>
</node>
<node height="41" nodeid="oc_service_failed" nodetype="nt_module_outcome" width="95" x="826" y="50"/>
<node height="41" nodeid="service_event_stopped" nodetype="nt_module_event_out" width="91" x="945" y="264"/>
<node height="41" nodeid="oc_service_success" nodetype="nt_module_outcome" width="95" x="911" y="149"/>
<node height="71" nodeid="service_call_stop" nodetype="nt_module_call" width="41" x="143" y="5"/>
<node height="40" nodeid="UID19b9861f1498bdaae9e7ffc" nodetype="nt_module_start" width="50" x="38" y="115"/>
<node height="200" linkmoduleid="UID52467ddc140738918198000" name="HttpServer" nodeid="UID19b9861f1498bdaae9e7ffb" nodesubtype="normal" nodetype="submodule" service="true" stub="false" width="194" x="205" y="99">
<data/>
<description/>
<attributes/>
</node>
</nodes>
<connections>
<connection source="UID19b9861f1498bdaae9e7ffb" source_id="UID11d97aec1407963cf288000" target="UIDb772d6c1498c1da1787ffc" target_id="UIDb772d6c1498c1da1787ff9" type="1">
<entry input_id="UIDb9a184a14073e4ab8a7ffd" source_type="0"><![CDATA[UIDb9a184a14073e4ab8a7ffd]]></entry>
<entry input_id="UIDb9a184a14073e4ab8a7ffc" source_type="0"><![CDATA[UIDb9a184a14073e4ab8a7ffc]]></entry>
<entry_oc input_id="UIDb9a184a14073e4ab8a7ff8" source_type="0"><![CDATA[UIDb9a184a14073e4ab8a7ff8]]>
<entry input_id="UIDb9a184a14073e4ab8a7ff7" source_type="0"><![CDATA[UIDb9a184a14073e4ab8a7ff7]]></entry>
</entry_oc>
<entry_oc input_id="UID11d97aec1407963cf287ff5" source_type="0"><![CDATA[UID11d97aec1407963cf287ff5]]></entry_oc>
</connection>
<connection source="UID19b9861f1498bdaae9e7ffb" source_id="oc_service_success" target="UIDb772d6c1498c1da1787ffc" type="0">
<entry input_id="UIDb772d6c1498c1da1787ff3" source_type="4"><![CDATA[UIDb772d6c1498c1da1787ff6]]></entry>
<entry input_id="UIDb772d6c1498c1da1787ff2" source_type="4"><![CDATA[UIDb772d6c1498c1da1787ff5]]></entry>
<entry input_id="UIDb772d6c1498c1da1787ff0" source_type="4"><![CDATA[UIDb772d6c1498c1da1787ff1]]></entry>
<entry input_id="UIDb772d6c1498c1da1787fef" source_type="4"><![CDATA[UIDb772d6c1498c1da1787ff4]]></entry>
<entry input_id="UID31eb2d4c155802fb31e7ff5" source_type="4"><![CDATA[UIDb772d6c1498c1da1787ff7]]></entry>
</connection>
<connection source="UID19b9861f1498bdaae9e7ffb" source_id="oc_service_failed" target="oc_service_failed" type="0">
<entry input_id="oc_service_failed_message_id" source_type="0"><![CDATA[oc_service_failed_message_id]]></entry>
</connection>
<connection source="UIDb772d6c1498c1da1787ffc" source_id="service_event_stopped" target="service_event_stopped" target_id="service_event_stopped" type="2"/>
<connection source="service_call_stop" source_id="service_call_stop" target="UID19b9861f1498bdaae9e7ffb" target_id="service_call_stop" type="1">
<entry_oc input_id="service_call_stop_oc_success" source_type="0"><![CDATA[service_call_stop_oc_success]]></entry_oc>
<entry_oc input_id="service_call_stop_oc_failed" source_type="0"><![CDATA[service_call_stop_oc_failed]]>
<entry input_id="service_call_stop_oc_failed_output_error" source_type="0"><![CDATA[service_call_stop_oc_failed_output_error]]></entry>
</entry_oc>
</connection>
<connection source="UID19b9861f1498bdaae9e7ffb" source_id="service_event_stopped" target="service_event_stopped" target_id="service_event_stopped" type="2"/>
<connection source="UIDb772d6c1498c1da1787ffc" source_id="oc_service_success" target="oc_service_success" type="0">
<entry input_id="output_service_handle_id" source_type="0"><![CDATA[output_service_handle_id]]></entry>
</connection>
<connection source="UID19b9861f1498bdaae9e7ffc" source_id="UID19b9861f1498bdaae9e7ffc" target="UID19b9861f1498bdaae9e7ffb" type="0">
<entry input_id="UID77be5fc5140738e2bbb7ff9" source_type="4"><![CDATA[UIDb772d6c1498c1da1787ff7]]></entry>
<entry input_id="UIDb9a184a14073e4ab8a7ff0" source_type="4"><![CDATA[UIDb772d6c1498c1da1787ff4]]></entry>
</connection>
<connection source="UIDb772d6c1498c1da1787ffc" source_id="oc_service_failed" target="oc_service_failed" type="0">
<entry input_id="oc_service_failed_message_id" source_type="0"><![CDATA[oc_service_failed_message_id]]></entry>
</connection>
</connections>
</module>
