<?xml version="1.0" encoding="UTF-8" standalone="no"?>
<module codetype="0" job="false" name="HttpServer" nodeid="UID52467ddc140738918198000" parentid="UID19b9861f1498bdaae9e7ffc" service="true" trans="0" type="1" version="1" webapp="false">
	<description/>











	
	
	
	
	
	
	
	
	
	
	

































<inputs>
<entry datatype="int" name="PORT" note="" value="" xid="UID77be5fc5140738e2bbb7ff9"/>
<entry datatype="String" name="WebContentPath" note="" value="" xid="UIDb9a184a14073e4ab8a7ff0"/>
</inputs>
<outcomes>
<outcome datatype="String" name="Start failed" note="Service is failed to start." value="" xid="oc_service_failed">
<entry datatype="String" name="ErrorMessage" note="" value="" xid="oc_service_failed_message_id"/>
</outcome>
<outcome datatype="String" name="Start success" note="Service started" value="" xid="oc_service_success">
<entry datatype="String" name="ServiceHandle" note="System Build-in output" value="" xid="output_service_handle_id"/>
</outcome>
</outcomes>
<events-in/>
<events-out>
<event datatype="String" name="Service stopped" note="" value="" xid="service_event_stopped"/>
</events-out>
<calls>
<interface name="Stop Service" note="" xid="service_call_stop">
<inputs/>
<outcomes>
<outcome datatype="String" name="Succeed" note="" value="" xid="service_call_stop_oc_success"/>
<outcome datatype="String" name="Failed" note="" value="" xid="service_call_stop_oc_failed">
<entry datatype="String" name="ErrorMessage" note="" value="" xid="service_call_stop_oc_failed_output_error"/>
</outcome>
</outcomes>
</interface>
</calls>
<sinks>
<interface name="Request" note="" xid="UID11d97aec1407963cf288000">
<inputs>
<entry datatype="Object" name="HttpRequest" note="" value="" xid="UIDb9a184a14073e4ab8a7ffd"/>
<entry datatype="Object" name="HttpResponse" note="" value="" xid="UIDb9a184a14073e4ab8a7ffc"/>
</inputs>
<outcomes>
<outcome datatype="String" name="Exception" note="" value="" xid="UIDb9a184a14073e4ab8a7ff8">
<entry datatype="String" name="Error" note="" value="" xid="UIDb9a184a14073e4ab8a7ff7"/>
</outcome>
<outcome datatype="String" name="Success" note="" value="" xid="UID11d97aec1407963cf287ff5"/>
</outcomes>
</interface>
</sinks>
<attributes/>
<data/>
<configures/>
<nodes>
<node height="40" nodeid="UID52467ddc140738918198000" nodetype="nt_module_start" width="50" x="22" y="160"/>
<node height="71" nodeid="UID11d97aec1407963cf288000" nodetype="nt_module_sink" width="41" x="194" y="449"/>
<node height="41" nodeid="oc_service_failed" nodetype="nt_module_outcome" width="95" x="506" y="70"/>
<node height="249" name="Tomcat Server" nodeid="UIDb9a184a14073e4ab8a8000" nodesubtype="normal" nodetype="nt_code_java" service="true" width="257" x="198" y="151">
<inputs>
<entry datatype="String" name="WebContentPath" note="" value="" xid="UIDb9a184a14073e4ab8a7ffe"/>
<entry datatype="int" name="Port" note="" value="" xid="UIDb9a184a14073e4ab8a7fff"/>
</inputs>
<outcomes>
<outcome datatype="String" name="Start failed" note="Service is failed to start." value="" xid="oc_service_failed">
<entry datatype="String" name="ErrorMessage" note="" value="" xid="oc_service_failed_message_id"/>
</outcome>
<outcome datatype="String" name="Start success" note="Service started" value="" xid="oc_service_success">
<entry datatype="String" name="ServiceHandle" note="System Build-in output" value="" xid="output_service_handle_id"/>
</outcome>
</outcomes>
<events-in/>
<events-out>
<event datatype="String" name="Service stopped" note="" value="" xid="service_event_stopped"/>
</events-out>
<calls>
<interface name="Stop Service" note="" xid="service_call_stop">
<inputs/>
<outcomes>
<outcome datatype="String" name="Succeed" note="" value="" xid="service_call_stop_oc_success"/>
<outcome datatype="String" name="Failed" note="" value="" xid="service_call_stop_oc_failed">
<entry datatype="String" name="ErrorMessage" note="" value="" xid="service_call_stop_oc_failed_output_error"/>
</outcome>
</outcomes>
</interface>
</calls>
<sinks>
<interface name="Service" note="servlet service() " xid="UIDb9a184a14073e4ab8a7ff6">
<inputs>
<entry datatype="Object" name="HttpRequest" note="" value="" xid="UIDb9a184a14073e4ab8a7ffd"/>
<entry datatype="Object" name="HttpResponse" note="" value="" xid="UIDb9a184a14073e4ab8a7ffc"/>
</inputs>
<outcomes>
<outcome datatype="String" name="Exception" note="" value="" xid="UIDb9a184a14073e4ab8a7ff8">
<entry datatype="String" name="Error" note="" value="" xid="UIDb9a184a14073e4ab8a7ff7"/>
</outcome>
<outcome datatype="String" name="Success" note="" value="" xid="UID11d97aec1407963cf287ff6"/>
</outcomes>
</interface>
</sinks>
<attributes/>
<data/>
<description/>
</node>
<node height="41" nodeid="service_event_stopped" nodetype="nt_module_event_out" width="91" x="543" y="288"/>
<node height="41" nodeid="oc_service_success" nodetype="nt_module_outcome" width="95" x="544" y="135"/>
<node height="104" nodeid="service_call_stop" nodetype="nt_module_call" width="41" x="268" y="14"/>
</nodes>
<connections>
<connection source="UIDb9a184a14073e4ab8a8000" source_id="UIDb9a184a14073e4ab8a7ff6" target="UID11d97aec1407963cf288000" target_id="UID11d97aec1407963cf288000" type="1">
<entry input_id="UIDb9a184a14073e4ab8a7ffd" source_type="0"><![CDATA[UIDb9a184a14073e4ab8a7ffd]]></entry>
<entry input_id="UIDb9a184a14073e4ab8a7ffc" source_type="0"><![CDATA[UIDb9a184a14073e4ab8a7ffc]]></entry>
<entry_oc input_id="UIDb9a184a14073e4ab8a7ff8" source_type="0"><![CDATA[UIDb9a184a14073e4ab8a7ff8]]>
<entry input_id="UIDb9a184a14073e4ab8a7ff7" source_type="0"><![CDATA[UIDb9a184a14073e4ab8a7ff7]]></entry>
</entry_oc>
<entry_oc input_id="UID11d97aec1407963cf287ff5" source_type="0"><![CDATA[UID11d97aec1407963cf287ff6]]></entry_oc>
</connection>
<connection source="UIDb9a184a14073e4ab8a8000" source_id="oc_service_failed" target="oc_service_failed" type="0">
<entry input_id="oc_service_failed_message_id" source_type="0"><![CDATA[oc_service_failed_message_id]]></entry>
</connection>
<connection source="UID52467ddc140738918198000" source_id="UID52467ddc140738918198000" target="UIDb9a184a14073e4ab8a8000" type="0">
<entry input_id="UIDb9a184a14073e4ab8a7ffe" source_type="0"><![CDATA[UIDb9a184a14073e4ab8a7ff0]]></entry>
<entry input_id="UIDb9a184a14073e4ab8a7fff" source_type="0"><![CDATA[UID77be5fc5140738e2bbb7ff9]]></entry>
</connection>
<connection source="UIDb9a184a14073e4ab8a8000" source_id="oc_service_success" target="oc_service_success" type="0">
<entry input_id="output_service_handle_id" source_type="0"><![CDATA[output_service_handle_id]]></entry>
</connection>
<connection source="service_call_stop" source_id="service_call_stop" target="UIDb9a184a14073e4ab8a8000" target_id="service_call_stop" type="1">
<entry_oc input_id="service_call_stop_oc_success" source_type="0"><![CDATA[service_call_stop_oc_success]]></entry_oc>
<entry_oc input_id="service_call_stop_oc_failed" source_type="0"><![CDATA[service_call_stop_oc_failed]]>
<entry input_id="service_call_stop_oc_failed_output_error" source_type="0"><![CDATA[service_call_stop_oc_failed_output_error]]></entry>
</entry_oc>
</connection>
<connection source="UIDb9a184a14073e4ab8a8000" source_id="service_event_stopped" target="service_event_stopped" target_id="service_event_stopped" type="2"/>
</connections>
</module>
