<?xml version="1.0" encoding="UTF-8"?>
<!DOCTYPE log4j:configuration SYSTEM "log4j.dtd" >
<log4j:configuration xmlns:log4j='http://jakarta.apache.org/log4j/'>
	<appender name="stdout" class="org.apache.log4j.ConsoleAppender">
		<layout class="org.apache.log4j.PatternLayout">
			<param name="ConversionPattern" value="%d{HH:mm:ss,SSS} [%5p] - %m%n" />
		</layout>
	</appender>
	
	<appender name="roll" class="org.apache.log4j.DailyRollingFileAppender">
    		<param name="File" value="app.log" />
    		<param name="DatePattern" value="'.'yyyy-MM-dd" />
    		<layout class="org.apache.log4j.PatternLayout"> 
      		<param name="ConversionPattern" 
          		value="%d{HH:mm:ss,SSS} [%5p] - %m%n"/>
    		</layout>
  	</appender>

	<logger name="com.kensoft.xbs.config.db">
			<level value="debug" />
	</logger>
	
	<logger name="org.apache">
			<level value="error" />
	</logger>
	
	
	<root>
		<level value="info" />
		<appender-ref ref="stdout" />
		<appender-ref ref="roll" />
	</root>
</log4j:configuration>