<?xml version="1.0" encoding="UTF-8" standalone="no"?>
<module codetype="0" job="false" name="WebAppTest" nodeid="UIDb772d6c1498c1da1787fee" service="true" trans="0" type="0" version="1" webapp="true">








<description/>



























































































<inputs/>
<outcomes>
<outcome datatype="String" name="Exception" note="Exception while starting the service." value="" xid="oc_service_failed">
<entry datatype="String" name="ErrorMessage" note="" value="" xid="oc_service_failed_message_id"/>
</outcome>
<outcome datatype="String" name="Start success" note="Service started" value="" xid="oc_service_success">
<entry datatype="String" name="ServiceHandle" note="System Build-in output" value="" xid="output_service_handle_id"/>
</outcome>
</outcomes>
<events-in/>
<events-out>
<event datatype="String" name="Service stopped" note="" value="" xid="service_event_stopped"/>
</events-out>
<calls>
<interface name="Stop Service" note="" pos="up" xid="service_call_stop">
<inputs/>
<outcomes>
<outcome datatype="String" name="Succeed" note="" value="" xid="service_call_stop_oc_success"/>
<outcome datatype="String" name="Failed" note="" value="" xid="service_call_stop_oc_failed">
<entry datatype="String" name="ErrorMessage" note="" value="" xid="service_call_stop_oc_failed_output_error"/>
</outcome>
</outcomes>
</interface>
<interface name="Start Session" note="" pos="up" xid="webapp_call_startsession">
<inputs/>
<outcomes>
<outcome datatype="String" name="UI" note="Return XBSOutcome_UI when encountering UI node" value="" xid="oc_ui_outcome">
<entry datatype="Object" name="UIOutcome" note="Instance of XBSOutcome_UI " value="" xid="oc_ui_output_ui_outcome"/>
</outcome>
<outcome datatype="String" name="Exception" note="" value="" xid="webapp_call_startsession_oc_failed">
<entry datatype="String" name="ErrorMessage" note="" value="" xid="webapp_call_startsession_oc_failed_output_error"/>
</outcome>
</outcomes>
</interface>
</calls>
<sinks/>
<attributes/>
<data/>
<configures/>
<nodes>
<node height="163" name="ServerEnd" nodeid="UIDb772d6c1498c1da1787fed" nodesubtype="normal" nodetype="nt_code_java" service="true" width="204" x="189" y="222">
<inputs/>
<outcomes>
<outcome datatype="String" name="Exception" note="Exception while starting the service." value="" xid="oc_service_failed">
<entry datatype="String" name="ErrorMessage" note="" value="" xid="oc_service_failed_message_id"/>
</outcome>
<outcome datatype="String" name="Start success" note="Service started" value="" xid="oc_service_success">
<entry datatype="String" name="ServiceHandle" note="System Build-in output" value="" xid="output_service_handle_id"/>
</outcome>
</outcomes>
<events-in/>
<events-out>
<event datatype="String" name="Service stopped" note="" value="" xid="service_event_stopped"/>
</events-out>
<calls>
<interface name="Stop Service" note="" pos="up" xid="service_call_stop">
<inputs/>
<outcomes>
<outcome datatype="String" name="Succeed" note="" value="" xid="service_call_stop_oc_success"/>
<outcome datatype="String" name="Failed" note="" value="" xid="service_call_stop_oc_failed">
<entry datatype="String" name="ErrorMessage" note="" value="" xid="service_call_stop_oc_failed_output_error"/>
</outcome>
</outcomes>
</interface>
<interface name="Auth1" note="" pos="up" xid="UID49b6779b150dd8292f77f81">
<inputs>
<entry datatype="String" name="Pwd" note="" value="" xid="UID49b6779b150dd8292f77f94"/>
<entry datatype="String" name="UserName" note="" value="" xid="UID49b6779b150dd8292f77f95"/>
</inputs>
<outcomes>
<outcome datatype="String" name="Block" note="" value="" xid="UID49b6779b150dd8292f77f9e"/>
<outcome datatype="String" name="Success" note="Auto generated" value="" xid="UID49b6779b150dd8292f77fa6">
<entry datatype="String" name="UserId" note="" value="" xid="UID49b6779b150dd8292f77fa0"/>
</outcome>
<outcome datatype="String" name="Failed" note="Auto generated" value="" xid="oc-buildin-exception-id">
<entry datatype="String" name="OldUserName" note="" value="" xid="Auto generated ERROR_Message id"/>
<entry datatype="String" name="OldPwd" note="" value="" xid="UID49b6779b150dd8292f77fa1"/>
</outcome>
</outcomes>
</interface>
<interface name="Auth" note="" pos="up" xid="UID41ca16e11499acbdfe28000">
<inputs>
<entry datatype="String" name="UserId" note="" value="" xid="UID41ca16e11499acbdfe27ff2"/>
<entry datatype="String" name="Pwd" note="" value="" xid="UID41ca16e11499acbdfe27ff1"/>
</inputs>
<outcomes>
<outcome datatype="String" name="Failed" note="Auto generated" value="" xid="oc-buildin-exception-id">
<entry datatype="String" name="Error" note="" value="" xid="Auto generated ERROR_Message id"/>
</outcome>
<outcome datatype="String" name="Succeeded" note="Auto generated" value="" xid="UID41ca16e11499acbdfe27ff3"/>
</outcomes>
</interface>
</calls>
<sinks/>
<attributes/>
<data/>
<description/>
</node>
<node height="41" nodeid="oc_service_failed" nodetype="nt_module_outcome" width="95" x="548" y="250"/>
<node height="40" nodeid="UIDb772d6c1498c1da1787fee" nodetype="nt_module_start" width="50" x="46" y="322"/>
<node height="41" nodeid="service_event_stopped" nodetype="nt_module_event_out" width="91" x="569" y="348"/>
<node height="41" nodeid="oc_service_success" nodetype="nt_module_outcome" width="95" x="569" y="298"/>
<node height="95" nodeid="service_call_stop" nodetype="nt_module_call" width="41" x="132" y="14"/>
<node height="97" linkmoduleid="UID49b6779b150dd8292f77fb3" name="AgentDesk" nodeid="UID49b6779b150dd8292f77f8f" nodesubtype="action" nodetype="submodule" service="false" stub="false" width="147" x="341" y="25">
<data/>
<description/>
<attributes/>
</node>
<node height="110" nodeid="webapp_call_startsession" nodetype="nt_module_call" width="41" x="209" y="9"/>
</nodes>
<connections>
<connection source="UID49b6779b150dd8292f77f8f" source_id="UID49b6779b150dd8292f77f84" target="UIDb772d6c1498c1da1787fed" target_id="UID49b6779b150dd8292f77f81" type="1">
<entry input_id="UID49b6779b150dd8292f77f94" source_type="0"><![CDATA[UID49b6779b150dd8292f77f94]]></entry>
<entry input_id="UID49b6779b150dd8292f77f95" source_type="0"><![CDATA[UID49b6779b150dd8292f77f95]]></entry>
<entry_oc input_id="UID49b6779b150dd8292f77f9e" source_type="0"><![CDATA[UID49b6779b150dd8292f77f9e]]></entry_oc>
<entry_oc input_id="UID49b6779b150dd8292f77fa6" source_type="0"><![CDATA[UID49b6779b150dd8292f77fa6]]>
<entry input_id="UID49b6779b150dd8292f77fa0" source_type="0"><![CDATA[UID49b6779b150dd8292f77fa0]]></entry>
</entry_oc>
<entry_oc input_id="oc-buildin-exception-id" source_type="0"><![CDATA[oc-buildin-exception-id]]>
<entry input_id="Auto generated ERROR_Message id" source_type="0"><![CDATA[Auto generated ERROR_Message id]]></entry>
<entry input_id="UID49b6779b150dd8292f77fa1" source_type="0"><![CDATA[UID49b6779b150dd8292f77fa1]]></entry>
</entry_oc>
</connection>
<connection source="UIDb772d6c1498c1da1787fed" source_id="oc_service_failed" target="oc_service_failed" type="0">
<entry input_id="oc_service_failed_message_id" source_type="0"><![CDATA[oc_service_failed_message_id]]></entry>
</connection>
<connection source="UIDb772d6c1498c1da1787fee" source_id="UIDb772d6c1498c1da1787fee" target="UIDb772d6c1498c1da1787fed" type="0"/>
<connection source="UIDb772d6c1498c1da1787fed" source_id="service_event_stopped" target="service_event_stopped" target_id="service_event_stopped" type="2"/>
<connection source="UIDb772d6c1498c1da1787fed" source_id="oc_service_success" target="oc_service_success" type="0">
<entry input_id="output_service_handle_id" source_type="0"><![CDATA[output_service_handle_id]]></entry>
</connection>
<connection source="webapp_call_startsession" source_id="webapp_call_startsession" target="UID49b6779b150dd8292f77f8f" type="1">
<entry_oc input_id="UID49b6779b150dd8292f77fb1" source_type="0"><![CDATA[oc_ui_outcome]]>
<entry input_id="oc_ui_output_ui_outcome" source_type="5"><![CDATA[5]]></entry>
</entry_oc>
<bendpoint h1="-9" h2="17" w1="51" w2="-78" weight="0.5"/>
<bendpoint h1="-10" h2="9" w1="42" w2="-95" weight="0.5"/>
<bendpoint h1="-6" h2="13" w1="44" w2="-93" weight="0.5"/>
<bendpoint h1="-5" h2="14" w1="38" w2="-99" weight="0.5"/>
</connection>
<connection source="service_call_stop" source_id="service_call_stop" target="UIDb772d6c1498c1da1787fed" target_id="service_call_stop" type="1">
<entry_oc input_id="service_call_stop_oc_success" source_type="0"><![CDATA[service_call_stop_oc_success]]></entry_oc>
<entry_oc input_id="service_call_stop_oc_failed" source_type="0"><![CDATA[service_call_stop_oc_failed]]>
<entry input_id="service_call_stop_oc_failed_output_error" source_type="0"><![CDATA[service_call_stop_oc_failed_output_error]]></entry>
</entry_oc>
</connection>
</connections>
</module>
