<?xml version="1.0" encoding="UTF-8" standalone="no"?>
<module codetype="0" job="false" name="CalcPI" nodeid="UID6396f17e149e248a1a98000" service="false" trans="0" type="1" version="1" webapp="false">








<description/>
















































































<inputs/>
<outcomes>
<outcome datatype="String" name="Exception" note="Auto generated" value="" xid="oc-buildin-exception-id">
<entry datatype="String" name="Error" note="" value="" xid="Auto generated ERROR_Message id"/>
</outcome>
<outcome datatype="String" name="Success" note="Auto generated" value="" xid="UID6396f17e149e248a1a97fff"/>
</outcomes>
<events-in/>
<events-out/>
<calls/>
<sinks/>
<attributes/>
<data/>
<configures/>
<nodes>
<node height="139" name="Math" nodeid="UID6396f17e149e248a1a97ff5" nodesubtype="normal" nodetype="nt_code_java" service="true" width="233" x="223" y="59">
<inputs/>
<outcomes>
<outcome datatype="String" name="Exception" note="Exception while starting the service." value="" xid="oc_service_failed">
<entry datatype="String" name="ErrorMessage" note="" value="" xid="oc_service_failed_message_id"/>
</outcome>
<outcome datatype="String" name="Start success" note="Service started" value="" xid="oc_service_success">
<entry datatype="String" name="ServiceHandle" note="System Build-in output" value="" xid="output_service_handle_id"/>
</outcome>
</outcomes>
<events-in/>
<events-out>
<event datatype="String" name="Service stopped" note="" value="" xid="service_event_stopped"/>
</events-out>
<calls>
<interface name="Stop Service" note="" pos="up" xid="service_call_stop">
<inputs/>
<outcomes>
<outcome datatype="String" name="Succeed" note="" value="" xid="service_call_stop_oc_success"/>
<outcome datatype="String" name="Failed" note="" value="" xid="service_call_stop_oc_failed">
<entry datatype="String" name="ErrorMessage" note="" value="" xid="service_call_stop_oc_failed_output_error"/>
</outcome>
</outcomes>
</interface>
<interface name="GetDistance" note="" pos="up" xid="UID6396f17e149e248a1a97ff4">
<inputs>
<entry datatype="int" name="x" note="" value="" xid="UID6396f17e149e248a1a97ff2"/>
<entry datatype="int" name="y" note="" value="" xid="UID6396f17e149e248a1a97ff1"/>
</inputs>
<outcomes>
<outcome datatype="String" name="Success" note="Auto generated" value="" xid="UID6396f17e149e248a1a97ff3">
<entry datatype="double" name="distance" note="" value="" xid="UID6396f17e149e248a1a97ff0"/>
</outcome>
</outcomes>
</interface>
</calls>
<sinks/>
<attributes/>
<data/>
<description/>
</node>
<node height="40" nodeid="UID6396f17e149e248a1a98000" nodetype="nt_module_start" width="50" x="86" y="36"/>
<node height="144" name="CalcPI" nodeid="UID6396f17e149e248a1a97ffe" nodesubtype="action" nodetype="nt_code_java" service="false" width="141" x="635" y="257">
<inputs>
<entry datatype="int" name="r" note="" value="" xid="UID5168dc07149e2abaef97ffc"/>
</inputs>
<outcomes>
<outcome datatype="String" name="Success" note="Auto generated" value="" xid="UID5168dc07149e2abaef97ffd">
<entry datatype="float" name="pi" note="" value="" xid="UID5168dc07149e2abaef97ffb"/>
</outcome>
</outcomes>
<events-in/>
<events-out/>
<calls/>
<sinks>
<interface name="GetDistance" note="" pos="up" xid="UID6396f17e149e248a1a97fed">
<inputs>
<entry datatype="int" name="x" note="" value="" xid="UID6396f17e149e248a1a97ff2"/>
<entry datatype="int" name="y" note="" value="" xid="UID6396f17e149e248a1a97ff1"/>
</inputs>
<outcomes>
<outcome datatype="String" name="Success" note="Auto generated" value="" xid="UID6396f17e149e248a1a97ff3">
<entry datatype="double" name="distance" note="" value="" xid="UID6396f17e149e248a1a97ff0"/>
</outcome>
</outcomes>
</interface>
</sinks>
<attributes/>
<data/>
<description/>
</node>
<node height="105" name="PIs" nodeid="UID5168dc07149e2abaef98000" nodesubtype="normal" nodetype="nt_code_java" service="false" width="141" x="537" y="153">
<inputs/>
<outcomes>
<outcome datatype="String" name="Exception" note="Auto generated" value="" xid="oc-buildin-exception-id">
<entry datatype="String" name="Error" note="" value="" xid="Auto generated ERROR_Message id"/>
</outcome>
<outcome datatype="String" name="Success" note="Auto generated" value="" xid="UID5168dc07149e2abaef97fff"/>
</outcomes>
<events-in/>
<events-out/>
<calls/>
<sinks>
<interface name="GetPI" note="" pos="up" xid="UID5168dc07149e2abaef97ffe">
<inputs>
<entry datatype="int" name="r" note="" value="" xid="UID5168dc07149e2abaef97ffc"/>
</inputs>
<outcomes>
<outcome datatype="String" name="Success" note="Auto generated" value="" xid="UID5168dc07149e2abaef97ffd">
<entry datatype="float" name="pi" note="" value="" xid="UID5168dc07149e2abaef97ffb"/>
</outcome>
</outcomes>
</interface>
</sinks>
<attributes/>
<data/>
<description/>
</node>
<node height="41" nodeid="UID6396f17e149e248a1a97fff" nodetype="nt_module_outcome" width="95" x="959" y="276"/>
<node height="41" nodeid="oc-buildin-exception-id" nodetype="nt_module_outcome" width="95" x="947" y="49"/>
</nodes>
<connections>
<connection source="UID5168dc07149e2abaef98000" source_id="oc-buildin-exception-id" target="oc-buildin-exception-id" type="0">
<entry input_id="Auto generated ERROR_Message id" source_type="0"><![CDATA[Auto generated ERROR_Message id]]></entry>
</connection>
<connection source="UID5168dc07149e2abaef98000" source_id="UID5168dc07149e2abaef97ffe" target="UID6396f17e149e248a1a97ffe" type="1">
<entry input_id="UID5168dc07149e2abaef97ffc" source_type="0"><![CDATA[UID5168dc07149e2abaef97ffc]]></entry>
<entry_oc input_id="UID5168dc07149e2abaef97ffd" source_type="0"><![CDATA[UID5168dc07149e2abaef97ffd]]>
<entry input_id="UID5168dc07149e2abaef97ffb" source_type="0"><![CDATA[UID5168dc07149e2abaef97ffb]]></entry>
</entry_oc>
</connection>
<connection source="UID6396f17e149e248a1a97ffe" source_id="UID6396f17e149e248a1a97fed" target="UID6396f17e149e248a1a97ff5" target_id="UID6396f17e149e248a1a97ff4" type="1">
<entry input_id="UID6396f17e149e248a1a97ff2" source_type="0"><![CDATA[UID6396f17e149e248a1a97ff2]]></entry>
<entry input_id="UID6396f17e149e248a1a97ff1" source_type="0"><![CDATA[UID6396f17e149e248a1a97ff1]]></entry>
<entry_oc input_id="UID6396f17e149e248a1a97ff3" source_type="0"><![CDATA[UID6396f17e149e248a1a97ff3]]>
<entry input_id="UID6396f17e149e248a1a97ff0" source_type="0"><![CDATA[UID6396f17e149e248a1a97ff0]]></entry>
</entry_oc>
</connection>
<connection source="UID6396f17e149e248a1a97ff5" source_id="oc_service_success" target="UID5168dc07149e2abaef98000" type="0"/>
<connection source="UID5168dc07149e2abaef98000" source_id="UID5168dc07149e2abaef97fff" target="UID6396f17e149e248a1a97fff" type="0"/>
<connection source="UID6396f17e149e248a1a98000" source_id="UID6396f17e149e248a1a98000" target="UID6396f17e149e248a1a97ff5" type="0"/>
<connection source="UID6396f17e149e248a1a97ff5" source_id="oc_service_failed" target="oc-buildin-exception-id" type="0">
<entry input_id="Auto generated ERROR_Message id" source_type="0"><![CDATA[oc_service_failed_message_id]]></entry>
</connection>
</connections>
</module>
